,index,Row ID,Order ID,Order Date,Ship Date,Ship Mode,Customer ID,Customer Name,Segment,Country/Region,City,State,Postal Code,Region,Product ID,Category,Sub-Category,Product Name,Sales,Quantity,Discount,Profit
0,78,79,US-2017-147606,2017-11-26,2017-12-01,Second Class,JE-15745,Joel Eaton,Consumer,United States,Houston,Texas,77070.0,Central,FUR-FU-10003194,Furniture,Furnishings,"Eldon Expressions Desk Accessory, Wood Pencil Holder, Oak",19.3,5,0.6,-14.475
1,6568,6569,CA-2017-100678,2017-04-18,2017-04-22,Standard Class,KM-16720,Kunst Miller,Consumer,United States,Houston,Texas,77095.0,Central,OFF-AR-10001868,Office Supplies,Art,Prang Dustless Chalk Sticks,2.688,2,0.2,1.008
2,6569,6570,CA-2017-100678,2017-04-18,2017-04-22,Standard Class,KM-16720,Kunst Miller,Consumer,United States,Houston,Texas,77095.0,Central,FUR-CH-10002602,Furniture,Chairs,DMI Arturo Collection Mission-style Design Wood Chair,317.058,3,0.3,-18.1176
3,6570,6571,CA-2017-100678,2017-04-18,2017-04-22,Standard Class,KM-16720,Kunst Miller,Consumer,United States,Houston,Texas,77095.0,Central,OFF-EN-10000056,Office Supplies,Envelopes,Cameo Buff Policy Envelopes,149.352,3,0.2,50.4063
4,6571,6572,CA-2017-100678,2017-04-18,2017-04-22,Standard Class,KM-16720,Kunst Miller,Consumer,United States,Houston,Texas,77095.0,Central,TEC-AC-10000474,Technology,Accessories,Kensington Expert Mouse Optical USB Trackball for PC or Mac,227.976,3,0.2,28.497
5,6873,6874,CA-2017-124394,2017-10-17,2017-10-22,Second Class,TB-21520,Tracy Blumstein,Consumer,United States,Beaumont,Texas,77705.0,Central,OFF-BI-10003676,Office Supplies,Binders,"GBC Standard Recycled Report Covers, Clear Plastic Sheets",10.78,5,0.8,-17.248
6,6874,6875,CA-2017-124394,2017-10-17,2017-10-22,Second Class,TB-21520,Tracy Blumstein,Consumer,United States,Beaumont,Texas,77705.0,Central,TEC-AC-10001314,Technology,Accessories,Case Logic 2.4GHz Wireless Keyboard,119.976,3,0.2,-17.9964
7,6937,6938,CA-2017-126963,2017-06-15,2017-06-15,Same Day,PS-18760,Pamela Stobb,Consumer,United States,El Paso,Texas,79907.0,Central,OFF-PA-10001952,Office Supplies,Paper,Xerox 1902,36.544,2,0.2,11.8768
8,7004,7005,CA-2017-126333,2017-12-23,2017-12-28,Standard Class,ME-18010,Michelle Ellison,Corporate,United States,Port Arthur,Texas,77642.0,Central,OFF-PA-10000223,Office Supplies,Paper,Xerox 2000,5.184,1,0.2,1.8144
9,7265,7266,US-2017-143721,2017-11-23,2017-11-26,Second Class,DK-12835,Damala Kotsonis,Corporate,United States,Houston,Texas,77095.0,Central,FUR-CH-10001973,Furniture,Chairs,Office Star Flex Back Scooter Chair with White Frame,155.372,2,0.3,-35.5136
10,7288,7289,CA-2017-158281,2017-09-02,2017-09-07,Standard Class,AG-10525,Andy Gerbode,Corporate,United States,Houston,Texas,77095.0,Central,TEC-MA-10002210,Technology,Machines,Epson TM-T88V Direct Thermal Printer - Monochrome - Desktop,559.71,3,0.4,-121.2705
11,7295,7296,CA-2017-111899,2017-05-04,2017-05-05,First Class,NC-18340,Nat Carroll,Consumer,United States,Houston,Texas,77036.0,Central,OFF-AR-10001725,Office Supplies,Art,Boston Home & Office Model 2000 Electric Pencil Sharpeners,37.84,2,0.2,2.838
12,7296,7297,CA-2017-111899,2017-05-04,2017-05-05,First Class,NC-18340,Nat Carroll,Consumer,United States,Houston,Texas,77036.0,Central,OFF-FA-10000840,Office Supplies,Fasteners,OIC Thumb-Tacks,5.472,6,0.2,1.8468
13,7305,7306,CA-2017-137274,2017-03-29,2017-04-02,Standard Class,MG-18145,Mike Gockenbach,Consumer,United States,Plano,Texas,75023.0,Central,FUR-TA-10001889,Furniture,Tables,Bush Advantage Collection Racetrack Conference Table,890.841,3,0.3,-152.7156
14,7348,7349,CA-2017-130421,2017-03-03,2017-03-07,Standard Class,SC-20020,Sam Craven,Consumer,United States,Houston,Texas,77095.0,Central,OFF-AP-10002534,Office Supplies,Appliances,3.6 Cubic Foot Counter Height Office Refrigerator,176.772,3,0.8,-459.6072
15,7442,7443,CA-2017-109932,2017-12-09,2017-12-11,First Class,VP-21760,Victoria Pisteka,Corporate,United States,Brownsville,Texas,78521.0,Central,OFF-PA-10001804,Office Supplies,Paper,Xerox 195,10.688,2,0.2,3.7408
16,7443,7444,CA-2017-109932,2017-12-09,2017-12-11,First Class,VP-21760,Victoria Pisteka,Corporate,United States,Brownsville,Texas,78521.0,Central,OFF-ST-10000036,Office Supplies,Storage,"Recycled Data-Pak for Archival Bound Computer Printouts, 12-1/2 x 12-1/2 x 16",237.096,3,0.2,20.7459
17,7545,7546,CA-2017-103492,2017-10-10,2017-10-15,Standard Class,CM-12715,Craig Molinari,Corporate,United States,Huntsville,Texas,77340.0,Central,TEC-PH-10001128,Technology,Phones,Motorola Droid Maxx,719.952,6,0.2,71.9952
18,7546,7547,CA-2017-103492,2017-10-10,2017-10-15,Standard Class,CM-12715,Craig Molinari,Corporate,United States,Huntsville,Texas,77340.0,Central,TEC-PH-10004667,Technology,Phones,Cisco 8x8 Inc. 6753i IP Business Phone System,755.944,7,0.2,66.1451
19,7547,7548,CA-2017-103492,2017-10-10,2017-10-15,Standard Class,CM-12715,Craig Molinari,Corporate,United States,Huntsville,Texas,77340.0,Central,OFF-BI-10004817,Office Supplies,Binders,GBC Personal VeloBind Strips,11.98,5,0.8,-19.168
20,7548,7549,CA-2017-103492,2017-10-10,2017-10-15,Standard Class,CM-12715,Craig Molinari,Corporate,United States,Huntsville,Texas,77340.0,Central,OFF-BI-10004140,Office Supplies,Binders,Avery Non-Stick Binders,0.898,1,0.8,-1.5715
21,7629,7630,CA-2017-162089,2017-03-30,2017-04-01,First Class,MP-17470,Mark Packer,Home Office,United States,Brownsville,Texas,78521.0,Central,OFF-EN-10002230,Office Supplies,Envelopes,Airmail Envelopes,335.72,5,0.2,113.3055
22,7630,7631,CA-2017-162089,2017-03-30,2017-04-01,First Class,MP-17470,Mark Packer,Home Office,United States,Brownsville,Texas,78521.0,Central,TEC-PH-10001819,Technology,Phones,Innergie mMini Combo Duo USB Travel Charging Kit,251.944,7,0.2,88.1804
23,7631,7632,CA-2017-162089,2017-03-30,2017-04-01,First Class,MP-17470,Mark Packer,Home Office,United States,Brownsville,Texas,78521.0,Central,FUR-CH-10002304,Furniture,Chairs,"Global Stack Chair without Arms, Black",127.302,7,0.3,-9.093
24,6530,6531,CA-2017-103744,2017-02-23,2017-02-27,Standard Class,MG-17875,Michael Grace,Home Office,United States,El Paso,Texas,79907.0,Central,OFF-BI-10000320,Office Supplies,Binders,GBC Plastic Binding Combs,4.428,3,0.8,-6.8634
25,7660,7661,CA-2017-105417,2017-01-07,2017-01-12,Standard Class,VS-21820,Vivek Sundaresam,Consumer,United States,Huntsville,Texas,77340.0,Central,FUR-FU-10004864,Furniture,Furnishings,"Howard Miller 14-1/2"" Diameter Chrome Round Wall Clock",76.728,3,0.6,-53.7096
26,6529,6530,CA-2017-103744,2017-02-23,2017-02-27,Standard Class,MG-17875,Michael Grace,Home Office,United States,El Paso,Texas,79907.0,Central,OFF-LA-10004425,Office Supplies,Labels,Staple-on labels,6.936,3,0.2,2.3409
27,6227,6228,CA-2017-148782,2017-11-02,2017-11-07,Standard Class,PO-18850,Patrick O'Brill,Consumer,United States,Irving,Texas,75061.0,Central,TEC-PH-10002923,Technology,Phones,"Logitech B530 USB Headset - headset - Full size, Binaural",88.776,3,0.2,7.7679
28,5263,5264,CA-2017-105165,2017-09-07,2017-09-10,First Class,SZ-20035,Sam Zeldin,Home Office,United States,Houston,Texas,77036.0,Central,TEC-AC-10002718,Technology,Accessories,Belkin Standard 104 key USB Keyboard,46.688,4,0.2,-2.918
29,5264,5265,CA-2017-105165,2017-09-07,2017-09-10,First Class,SZ-20035,Sam Zeldin,Home Office,United States,Houston,Texas,77036.0,Central,OFF-AR-10003179,Office Supplies,Art,Dixon Ticonderoga Core-Lock Colored Pencils,21.864,3,0.2,3.5529
30,5277,5278,CA-2017-113859,2017-09-13,2017-09-17,Standard Class,BC-11125,Becky Castell,Home Office,United States,Odessa,Texas,79762.0,Central,FUR-CH-10004698,Furniture,Chairs,"Padded Folding Chairs, Black, 4/Carton",340.116,6,0.3,-9.7176
31,5289,5290,CA-2017-146283,2017-09-08,2017-09-15,Standard Class,KT-16465,Kean Takahito,Consumer,United States,Houston,Texas,77036.0,Central,OFF-PA-10002259,Office Supplies,Paper,"Geographics Note Cards, Blank, White, 8 1/2"" x 11""",17.904,2,0.2,6.2664
32,5290,5291,CA-2017-146283,2017-09-08,2017-09-15,Standard Class,KT-16465,Kean Takahito,Consumer,United States,Houston,Texas,77036.0,Central,FUR-CH-10004287,Furniture,Chairs,SAFCO Arco Folding Chair,966.7,5,0.3,-13.81
33,5291,5292,CA-2017-146283,2017-09-08,2017-09-15,Standard Class,KT-16465,Kean Takahito,Consumer,United States,Houston,Texas,77036.0,Central,OFF-PA-10000482,Office Supplies,Paper,"Snap-A-Way Black Print Carbonless Ruled Speed Letter, Triplicate",182.112,6,0.2,61.4628
34,5304,5305,US-2017-166310,2017-09-21,2017-09-23,First Class,JS-15940,Joni Sundaresam,Home Office,United States,Garland,Texas,75043.0,Central,FUR-FU-10001546,Furniture,Furnishings,Dana Swing-Arm Lamps,8.544,2,0.6,-7.476
35,5342,5343,US-2017-168501,2017-11-21,2017-11-27,Standard Class,JK-15325,Jason Klamczynski,Corporate,United States,Dallas,Texas,75220.0,Central,OFF-EN-10001509,Office Supplies,Envelopes,Poly String Tie Envelopes,1.632,1,0.2,0.5508
36,5343,5344,US-2017-168501,2017-11-21,2017-11-27,Standard Class,JK-15325,Jason Klamczynski,Corporate,United States,Dallas,Texas,75220.0,Central,TEC-PH-10004922,Technology,Phones,RCA Visys Integrated PBX 8-Line Router,267.96,5,0.2,16.7475
37,5466,5467,CA-2017-107706,2017-02-14,2017-02-19,Second Class,ST-20530,Shui Tom,Consumer,United States,Houston,Texas,77095.0,Central,OFF-PA-10000466,Office Supplies,Paper,"Memo Book, 100 Message Capacity, 5 3/8” x 11”",16.176,3,0.2,6.066
38,5550,5551,US-2017-159618,2017-11-12,2017-11-16,Standard Class,DB-12970,Darren Budd,Corporate,United States,Houston,Texas,77036.0,Central,OFF-AR-10003183,Office Supplies,Art,Avery Fluorescent Highlighter Four-Color Set,2.672,1,0.2,0.334
39,5551,5552,US-2017-159618,2017-11-12,2017-11-16,Standard Class,DB-12970,Darren Budd,Corporate,United States,Houston,Texas,77036.0,Central,OFF-SU-10000432,Office Supplies,Supplies,Acco Side-Punched Conventional Columnar Pads,16.656,6,0.2,-3.123
40,5552,5553,US-2017-159618,2017-11-12,2017-11-16,Standard Class,DB-12970,Darren Budd,Corporate,United States,Houston,Texas,77036.0,Central,TEC-AC-10003832,Technology,Accessories,Imation 16GB Mini TravelDrive USB 2.0 Flash Drive,79.512,3,0.2,20.8719
41,5553,5554,US-2017-159618,2017-11-12,2017-11-16,Standard Class,DB-12970,Darren Budd,Corporate,United States,Houston,Texas,77036.0,Central,OFF-PA-10004100,Office Supplies,Paper,Xerox 216,36.288,7,0.2,12.7008
42,5554,5555,US-2017-159618,2017-11-12,2017-11-16,Standard Class,DB-12970,Darren Budd,Corporate,United States,Houston,Texas,77036.0,Central,FUR-BO-10004467,Furniture,Bookcases,Bestar Classic Bookcase,67.9932,1,0.32,-12.9987
43,5755,5756,CA-2017-163748,2017-10-14,2017-10-18,Standard Class,HG-15025,Hunter Glantz,Consumer,United States,Fort Worth,Texas,76106.0,Central,OFF-AP-10004052,Office Supplies,Appliances,"Hoover Replacement Belts For Soft Guard & Commercial Ltweight Upright Vacs, 2/Pk",3.16,4,0.8,-8.532
44,5756,5757,CA-2017-163748,2017-10-14,2017-10-18,Standard Class,HG-15025,Hunter Glantz,Consumer,United States,Fort Worth,Texas,76106.0,Central,TEC-CO-10002095,Technology,Copiers,Hewlett Packard 610 Color Digital Copier / Printer,1999.96,5,0.2,624.9875
45,5800,5801,CA-2017-123225,2017-07-11,2017-07-14,First Class,MN-17935,Michael Nguyen,Consumer,United States,El Paso,Texas,79907.0,Central,TEC-PH-10000895,Technology,Phones,Polycom VVX 310 VoIP phone,575.968,4,0.2,43.1976
46,5801,5802,CA-2017-123225,2017-07-11,2017-07-14,First Class,MN-17935,Michael Nguyen,Consumer,United States,El Paso,Texas,79907.0,Central,OFF-PA-10000552,Office Supplies,Paper,Xerox 200,10.368,2,0.2,3.6288
47,6022,6023,CA-2017-130869,2017-11-17,2017-11-21,Standard Class,CB-12025,Cassandra Brandow,Consumer,United States,Cedar Hill,Texas,75104.0,Central,OFF-EN-10002600,Office Supplies,Envelopes,"Redi-Strip #10 Envelopes, 4 1/8 x 9 1/2",7.08,3,0.2,2.478
48,6081,6082,US-2017-165589,2017-02-18,2017-02-18,Same Day,TB-21595,Troy Blackwell,Consumer,United States,Lubbock,Texas,79424.0,Central,FUR-FU-10002396,Furniture,Furnishings,"DAX Copper Panel Document Frame, 5 x 7 Size",25.16,5,0.6,-11.322
49,6106,6107,CA-2017-120852,2017-12-20,2017-12-25,Standard Class,WB-21850,William Brown,Consumer,United States,Grand Prairie,Texas,75051.0,Central,OFF-AP-10001563,Office Supplies,Appliances,Belkin Premiere Surge Master II 8-outlet surge protector,19.432,2,0.8,-49.5516
50,6107,6108,CA-2017-120852,2017-12-20,2017-12-25,Standard Class,WB-21850,William Brown,Consumer,United States,Grand Prairie,Texas,75051.0,Central,TEC-AC-10004510,Technology,Accessories,Logitech Desktop MK120 Mouse and keyboard Combo,65.44,5,0.2,-8.18
51,6472,6473,CA-2017-151897,2017-06-06,2017-06-10,Standard Class,VT-21700,Valerie Takahito,Home Office,United States,Houston,Texas,77070.0,Central,OFF-LA-10001074,Office Supplies,Labels,Round Specialty Laser Printer Labels,100.24,10,0.2,33.831
52,7661,7662,CA-2017-105417,2017-01-07,2017-01-12,Standard Class,VS-21820,Vivek Sundaresam,Consumer,United States,Huntsville,Texas,77340.0,Central,OFF-BI-10003708,Office Supplies,Binders,"Acco Four Pocket Poly Ring Binder with Label Holder, Smoke, 1""",10.43,7,0.8,-18.2525
53,7947,7948,CA-2017-131009,2017-03-01,2017-03-05,Standard Class,SC-20380,Shahid Collister,Consumer,United States,El Paso,Texas,79907.0,Central,OFF-FA-10004395,Office Supplies,Fasteners,Plymouth Boxed Rubber Bands by Plymouth,18.84,5,0.2,-3.5325
54,7948,7949,CA-2017-131009,2017-03-01,2017-03-05,Standard Class,SC-20380,Shahid Collister,Consumer,United States,El Paso,Texas,79907.0,Central,FUR-CH-10001270,Furniture,Chairs,Harbour Creations Steel Folding Chair,362.25,6,0.3,0.0
55,8580,8581,CA-2017-130673,2017-05-20,2017-05-22,Second Class,MC-17590,Matt Collister,Corporate,United States,San Marcos,Texas,78666.0,Central,FUR-FU-10003489,Furniture,Furnishings,Contemporary Borderless Frame,10.332,3,0.6,-5.9409
56,8581,8582,CA-2017-130673,2017-05-20,2017-05-22,Second Class,MC-17590,Matt Collister,Corporate,United States,San Marcos,Texas,78666.0,Central,OFF-PA-10000289,Office Supplies,Paper,Xerox 213,10.368,2,0.2,3.6288
57,8582,8583,CA-2017-130673,2017-05-20,2017-05-22,Second Class,MC-17590,Matt Collister,Corporate,United States,San Marcos,Texas,78666.0,Central,TEC-AC-10004227,Technology,Accessories,SanDisk Ultra 16 GB MicroSDHC Class 10 Memory Card,20.784,2,0.2,-3.6372
58,8583,8584,CA-2017-130673,2017-05-20,2017-05-22,Second Class,MC-17590,Matt Collister,Corporate,United States,San Marcos,Texas,78666.0,Central,OFF-ST-10000636,Office Supplies,Storage,Rogers Profile Extra Capacity Storage Tub,66.96,5,0.2,-13.392
59,8826,8827,US-2017-157847,2017-04-02,2017-04-06,Second Class,SC-20020,Sam Craven,Consumer,United States,Houston,Texas,77095.0,Central,OFF-PA-10002986,Office Supplies,Paper,Xerox 1898,26.72,5,0.2,9.352
60,8827,8828,US-2017-157847,2017-04-02,2017-04-06,Second Class,SC-20020,Sam Craven,Consumer,United States,Houston,Texas,77095.0,Central,OFF-PA-10001593,Office Supplies,Paper,Xerox 1947,33.488,7,0.2,10.465
61,8893,8894,CA-2017-124723,2017-08-05,2017-08-12,Standard Class,GZ-14470,Gary Zandusky,Consumer,United States,Texas City,Texas,77590.0,Central,FUR-TA-10001307,Furniture,Tables,"SAFCO PlanMaster Heigh-Adjustable Drafting Table Base, 43w x 30d x 30-37h, Black",489.23,2,0.3,41.934
62,9428,9429,CA-2017-152100,2017-05-11,2017-05-16,Standard Class,VW-21775,Victoria Wilson,Corporate,United States,Huntsville,Texas,77340.0,Central,FUR-CH-10000015,Furniture,Chairs,Hon Multipurpose Stacking Arm Chairs,1212.96,8,0.3,-69.312
63,9557,9558,CA-2017-103086,2017-10-17,2017-10-19,Second Class,EB-14170,Evan Bailliet,Consumer,United States,Houston,Texas,77095.0,Central,FUR-FU-10004586,Furniture,Furnishings,G.E. Longer-Life Indoor Recessed Floodlight Bulbs,5.312,2,0.6,-1.5936
64,9674,9675,US-2017-164644,2017-07-22,2017-07-24,Second Class,JL-15850,John Lucas,Consumer,United States,Houston,Texas,77095.0,Central,OFF-ST-10003123,Office Supplies,Storage,Fellowes Bases and Tops For Staxonsteel/High-Stak Systems,26.632,1,0.2,1.3316
65,9774,9775,CA-2017-169019,2017-07-26,2017-07-30,Standard Class,LF-17185,Luke Foster,Consumer,United States,San Antonio,Texas,78207.0,Central,OFF-BI-10004995,Office Supplies,Binders,GBC DocuBind P400 Electric Binding System,2177.584,8,0.8,-3701.8928
66,9775,9776,CA-2017-169019,2017-07-26,2017-07-30,Standard Class,LF-17185,Luke Foster,Consumer,United States,San Antonio,Texas,78207.0,Central,FUR-FU-10004666,Furniture,Furnishings,DAX Clear Channel Poster Frame,17.496,3,0.6,-10.0602
67,9776,9777,CA-2017-169019,2017-07-26,2017-07-30,Standard Class,LF-17185,Luke Foster,Consumer,United States,San Antonio,Texas,78207.0,Central,OFF-BI-10001524,Office Supplies,Binders,GBC Premium Transparent Covers with Diagonal Lined Pattern,16.784,4,0.8,-26.8544
68,9777,9778,CA-2017-169019,2017-07-26,2017-07-30,Standard Class,LF-17185,Luke Foster,Consumer,United States,San Antonio,Texas,78207.0,Central,TEC-AC-10002076,Technology,Accessories,Microsoft Natural Keyboard Elite,431.136,9,0.2,-26.946
69,9778,9779,CA-2017-169019,2017-07-26,2017-07-30,Standard Class,LF-17185,Luke Foster,Consumer,United States,San Antonio,Texas,78207.0,Central,OFF-BI-10001679,Office Supplies,Binders,GBC Instant Index System for Binding Systems,8.88,5,0.8,-13.32
70,9779,9780,CA-2017-169019,2017-07-26,2017-07-30,Standard Class,LF-17185,Luke Foster,Consumer,United States,San Antonio,Texas,78207.0,Central,OFF-AP-10003281,Office Supplies,Appliances,Acco 6 Outlet Guardian Standard Surge Suppressor,4.836,2,0.8,-12.09
71,9791,9792,CA-2017-127166,2017-05-21,2017-05-23,Second Class,KH-16360,Katherine Hughes,Consumer,United States,Houston,Texas,77070.0,Central,OFF-EN-10003134,Office Supplies,Envelopes,Staple envelope,56.064,6,0.2,21.024
72,9792,9793,CA-2017-127166,2017-05-21,2017-05-23,Second Class,KH-16360,Katherine Hughes,Consumer,United States,Houston,Texas,77070.0,Central,FUR-CH-10003396,Furniture,Chairs,Global Deluxe Steno Chair,107.772,2,0.3,-29.2524
73,9793,9794,CA-2017-127166,2017-05-21,2017-05-23,Second Class,KH-16360,Katherine Hughes,Consumer,United States,Houston,Texas,77070.0,Central,OFF-PA-10001560,Office Supplies,Paper,"Adams Telephone Message Books, 5 1/4” x 11”",4.832,1,0.2,1.6308
74,9794,9795,CA-2017-127166,2017-05-21,2017-05-23,Second Class,KH-16360,Katherine Hughes,Consumer,United States,Houston,Texas,77070.0,Central,OFF-BI-10000977,Office Supplies,Binders,Ibico Plastic Spiral Binding Combs,18.24,3,0.8,-31.008
75,9830,9831,CA-2017-113257,2017-12-16,2017-12-18,Second Class,SC-20305,Sean Christensen,Consumer,United States,Beaumont,Texas,77705.0,Central,TEC-AC-10004171,Technology,Accessories,Razer Kraken 7.1 Surround Sound Over Ear USB Gaming Headset,319.968,4,0.2,95.9904
76,9831,9832,CA-2017-113257,2017-12-16,2017-12-18,Second Class,SC-20305,Sean Christensen,Consumer,United States,Beaumont,Texas,77705.0,Central,FUR-FU-10001706,Furniture,Furnishings,Longer-Life Soft White Bulbs,8.624,7,0.6,-2.5872
77,9832,9833,CA-2017-133963,2017-05-18,2017-05-22,Second Class,GA-14515,George Ashbrook,Consumer,United States,Dallas,Texas,75220.0,Central,OFF-PA-10001526,Office Supplies,Paper,Xerox 1949,3.984,1,0.2,1.4442
78,8572,8573,CA-2017-121629,2017-11-28,2017-12-02,Standard Class,BT-11680,Brian Thompson,Consumer,United States,Houston,Texas,77041.0,Central,TEC-MA-10004679,Technology,Machines,StarTech.com 10/100 VDSL2 Ethernet Extender Kit,998.85,5,0.4,-199.77
79,8459,8460,CA-2017-126200,2017-08-25,2017-08-29,Standard Class,JE-15715,Joe Elijah,Consumer,United States,Houston,Texas,77070.0,Central,OFF-BI-10002225,Office Supplies,Binders,"Square Ring Data Binders, Rigid 75 Pt. Covers, 11"" x 14-7/8""",12.384,3,0.8,-19.8144
80,8458,8459,CA-2017-126200,2017-08-25,2017-08-29,Standard Class,JE-15715,Joe Elijah,Consumer,United States,Houston,Texas,77070.0,Central,OFF-BI-10002133,Office Supplies,Binders,"Wilson Jones Elliptical Ring 3 1/2"" Capacity Binders, 800 sheets",25.68,3,0.8,-39.804
81,8435,8436,US-2017-127635,2017-09-14,2017-09-18,Second Class,SC-20260,Scott Cohen,Corporate,United States,Corpus Christi,Texas,78415.0,Central,OFF-BI-10001721,Office Supplies,Binders,Trimflex Flexible Post Binders,8.552,2,0.8,-13.6832
82,7949,7950,CA-2017-131009,2017-03-01,2017-03-05,Standard Class,SC-20380,Shahid Collister,Consumer,United States,El Paso,Texas,79907.0,Central,FUR-FU-10001095,Furniture,Furnishings,DAX Black Cherry Wood-Tone Poster Frame,63.552,6,0.6,-34.9536
83,7950,7951,CA-2017-131009,2017-03-01,2017-03-05,Standard Class,SC-20380,Shahid Collister,Consumer,United States,El Paso,Texas,79907.0,Central,OFF-ST-10001469,Office Supplies,Storage,Fellowes Bankers Box Recycled Super Stor/Drawer,129.552,3,0.2,-22.6716
84,7980,7981,CA-2017-103800,2017-01-03,2017-01-07,Standard Class,DP-13000,Darren Powers,Consumer,United States,Houston,Texas,77095.0,Central,OFF-PA-10000174,Office Supplies,Paper,"Message Book, Wirebound, Four 5 1/2"" X 4"" Forms/Pg., 200 Dupl. Sets/Book",16.448,2,0.2,5.5512
85,8021,8022,CA-2017-129189,2017-07-21,2017-07-25,Standard Class,HM-14860,Harry Marie,Corporate,United States,Dallas,Texas,75217.0,Central,OFF-AP-10000124,Office Supplies,Appliances,Acco 6 Outlet Guardian Basic Surge Suppressor,4.992,3,0.8,-12.9792
86,8022,8023,CA-2017-129189,2017-07-21,2017-07-25,Standard Class,HM-14860,Harry Marie,Corporate,United States,Dallas,Texas,75217.0,Central,OFF-EN-10003567,Office Supplies,Envelopes,"Inter-Office Recycled Envelopes, Brown Kraft, Button-String,10"" x 13"" , 100/Box",87.92,5,0.2,29.673
87,8023,8024,CA-2017-129189,2017-07-21,2017-07-25,Standard Class,HM-14860,Harry Marie,Corporate,United States,Dallas,Texas,75217.0,Central,FUR-CH-10004997,Furniture,Chairs,Hon Every-Day Series Multi-Task Chairs,657.93,5,0.3,-93.99
88,8024,8025,CA-2017-129189,2017-07-21,2017-07-25,Standard Class,HM-14860,Harry Marie,Corporate,United States,Dallas,Texas,75217.0,Central,OFF-BI-10000494,Office Supplies,Binders,Acco Economy Flexible Poly Round Ring Binder,1.044,1,0.8,-1.827
89,8217,8218,CA-2017-120775,2017-10-03,2017-10-07,Standard Class,RD-19930,Russell D'Ascenzo,Consumer,United States,Dallas,Texas,75217.0,Central,OFF-FA-10002676,Office Supplies,Fasteners,Colored Push Pins,4.344,3,0.2,0.8688
90,8218,8219,CA-2017-120775,2017-10-03,2017-10-07,Standard Class,RD-19930,Russell D'Ascenzo,Consumer,United States,Dallas,Texas,75217.0,Central,FUR-FU-10000758,Furniture,Furnishings,DAX Natural Wood-Tone Poster Frame,31.776,3,0.6,-19.0656
91,8219,8220,CA-2017-120775,2017-10-03,2017-10-07,Standard Class,RD-19930,Russell D'Ascenzo,Consumer,United States,Dallas,Texas,75217.0,Central,OFF-LA-10002271,Office Supplies,Labels,Smead Alpha-Z Color-Coded Second Alphabetical Labels and Starter Set,4.928,2,0.2,1.7248
92,8220,8221,CA-2017-120775,2017-10-03,2017-10-07,Standard Class,RD-19930,Russell D'Ascenzo,Consumer,United States,Dallas,Texas,75217.0,Central,OFF-BI-10002609,Office Supplies,Binders,Avery Hidden Tab Dividers for Binding Systems,1.788,3,0.8,-3.0396
93,5262,5263,CA-2017-105165,2017-09-07,2017-09-10,First Class,SZ-20035,Sam Zeldin,Home Office,United States,Houston,Texas,77036.0,Central,FUR-TA-10004154,Furniture,Tables,"Riverside Furniture Oval Coffee Table, Oval End Table, End Table with Drawer",200.795,1,0.3,-22.948
94,8221,8222,CA-2017-120775,2017-10-03,2017-10-07,Standard Class,RD-19930,Russell D'Ascenzo,Consumer,United States,Dallas,Texas,75217.0,Central,OFF-FA-10000254,Office Supplies,Fasteners,Sterling Rubber Bands by Alliance,15.072,4,0.2,-3.768
95,8309,8310,CA-2017-168312,2017-03-01,2017-03-07,Standard Class,GW-14605,Giulietta Weimer,Consumer,United States,Houston,Texas,77036.0,Central,OFF-ST-10003692,Office Supplies,Storage,Recycled Steel Personal File for Hanging File Folders,137.352,3,0.2,8.5845
96,8310,8311,CA-2017-168312,2017-03-01,2017-03-07,Standard Class,GW-14605,Giulietta Weimer,Consumer,United States,Houston,Texas,77036.0,Central,FUR-TA-10001866,Furniture,Tables,Bevis Round Conference Room Tables and Bases,376.509,3,0.3,-43.0296
97,8313,8314,CA-2017-161508,2017-07-12,2017-07-16,Standard Class,PV-18985,Paul Van Hugh,Home Office,United States,League City,Texas,77573.0,Central,FUR-CH-10002126,Furniture,Chairs,Hon Deluxe Fabric Upholstered Stacking Chairs,512.358,3,0.3,-14.6388
98,8314,8315,CA-2017-161508,2017-07-12,2017-07-16,Standard Class,PV-18985,Paul Van Hugh,Home Office,United States,League City,Texas,77573.0,Central,OFF-FA-10001561,Office Supplies,Fasteners,Stockwell Push Pins,3.488,2,0.2,0.5668
99,8315,8316,CA-2017-161508,2017-07-12,2017-07-16,Standard Class,PV-18985,Paul Van Hugh,Home Office,United States,League City,Texas,77573.0,Central,OFF-AR-10003158,Office Supplies,Art,Fluorescent Highlighters by Dixon,22.288,7,0.2,3.9004
100,8316,8317,CA-2017-161508,2017-07-12,2017-07-16,Standard Class,PV-18985,Paul Van Hugh,Home Office,United States,League City,Texas,77573.0,Central,OFF-PA-10001804,Office Supplies,Paper,Xerox 195,16.032,3,0.2,5.6112
101,8371,8372,CA-2017-165393,2017-12-27,2017-12-30,First Class,NC-18415,Nathan Cano,Consumer,United States,Fort Worth,Texas,76106.0,Central,OFF-BI-10001658,Office Supplies,Binders,GBC Standard Therm-A-Bind Covers,4.984,1,0.8,-8.4728
102,8397,8398,US-2017-120236,2017-09-03,2017-09-04,First Class,MR-17545,Mathew Reese,Home Office,United States,Houston,Texas,77095.0,Central,OFF-BI-10004099,Office Supplies,Binders,GBC VeloBinder Strips,7.68,5,0.8,-11.52
103,8432,8433,US-2017-127635,2017-09-14,2017-09-18,Second Class,SC-20260,Scott Cohen,Corporate,United States,Corpus Christi,Texas,78415.0,Central,OFF-FA-10000053,Office Supplies,Fasteners,Revere Boxed Rubber Bands by Revere,6.048,4,0.2,-1.3608
104,8433,8434,US-2017-127635,2017-09-14,2017-09-18,Second Class,SC-20260,Scott Cohen,Corporate,United States,Corpus Christi,Texas,78415.0,Central,OFF-PA-10004610,Office Supplies,Paper,Xerox 1900,6.848,2,0.2,2.14
105,8434,8435,US-2017-127635,2017-09-14,2017-09-18,Second Class,SC-20260,Scott Cohen,Corporate,United States,Corpus Christi,Texas,78415.0,Central,FUR-FU-10000550,Furniture,Furnishings,Stacking Trays by OIC,9.96,5,0.6,-6.723
106,8222,8223,CA-2017-152905,2017-02-18,2017-02-24,Standard Class,AB-10015,Aaron Bergman,Consumer,United States,Arlington,Texas,76017.0,Central,OFF-ST-10000321,Office Supplies,Storage,Akro Stacking Bins,12.624,2,0.2,-2.5248
107,9903,9904,CA-2017-122609,2017-11-12,2017-11-18,Standard Class,DP-13000,Darren Powers,Consumer,United States,Carrollton,Texas,75007.0,Central,FUR-FU-10004587,Furniture,Furnishings,"GE General Use Halogen Bulbs, 100 Watts, 1 Bulb per Pack",25.128,3,0.6,-6.9102
108,5261,5262,CA-2017-105165,2017-09-07,2017-09-10,First Class,SZ-20035,Sam Zeldin,Home Office,United States,Houston,Texas,77036.0,Central,OFF-BI-10000050,Office Supplies,Binders,"Angle-D Binders with Locking Rings, Label Holders",2.92,2,0.8,-4.818
109,5102,5103,CA-2017-158442,2017-03-17,2017-03-17,Same Day,AZ-10750,Annie Zypern,Consumer,United States,Dallas,Texas,75217.0,Central,OFF-PA-10002365,Office Supplies,Paper,Xerox 1967,15.552,3,0.2,5.4432
110,1575,1576,CA-2017-101602,2017-12-15,2017-12-18,First Class,MC-18100,Mick Crebagga,Consumer,United States,El Paso,Texas,79907.0,Central,FUR-CH-10004675,Furniture,Chairs,"Lifetime Advantage Folding Chairs, 4/Carton",763.28,5,0.3,-21.808
111,1748,1749,US-2017-157406,2017-04-25,2017-04-29,Standard Class,DA-13450,Dianna Arnett,Home Office,United States,Houston,Texas,77095.0,Central,OFF-PA-10003543,Office Supplies,Paper,Xerox 1985,10.368,2,0.2,3.6288
112,1749,1750,US-2017-157406,2017-04-25,2017-04-29,Standard Class,DA-13450,Dianna Arnett,Home Office,United States,Houston,Texas,77095.0,Central,OFF-AR-10002221,Office Supplies,Art,12 Colored Short Pencils,6.24,3,0.2,0.546
113,1758,1759,CA-2017-139017,2017-05-11,2017-05-17,Standard Class,RM-19375,Raymond Messe,Consumer,United States,Houston,Texas,77095.0,Central,TEC-AC-10001013,Technology,Accessories,Logitech ClearChat Comfort/USB Headset H390,46.864,2,0.2,7.6154
114,1793,1794,CA-2017-104773,2017-12-08,2017-12-13,Standard Class,TB-21175,Thomas Boland,Corporate,United States,Houston,Texas,77041.0,Central,OFF-ST-10000777,Office Supplies,Storage,"Companion Letter/Legal File, Black",60.416,2,0.2,6.0416
115,1862,1863,CA-2017-151078,2017-11-12,2017-11-12,Same Day,RF-19840,Roy Französisch,Consumer,United States,San Antonio,Texas,78207.0,Central,OFF-ST-10001328,Office Supplies,Storage,"Personal Filing Tote with Lid, Black/Gray",49.632,4,0.2,4.9632
116,2044,2045,CA-2017-129168,2017-08-17,2017-08-23,Standard Class,KB-16585,Ken Black,Corporate,United States,Houston,Texas,77095.0,Central,OFF-PA-10001639,Office Supplies,Paper,Xerox 203,15.552,3,0.2,5.4432
117,2083,2084,CA-2017-110352,2017-11-23,2017-11-29,Standard Class,ED-13885,Emily Ducich,Home Office,United States,Houston,Texas,77036.0,Central,OFF-LA-10003923,Office Supplies,Labels,Alphabetical Labels for Top Tab Filing,23.68,2,0.2,8.88
118,2106,2107,US-2017-152723,2017-09-26,2017-09-26,Same Day,HG-14965,Henry Goldwyn,Corporate,United States,Mesquite,Texas,75150.0,Central,OFF-BI-10003460,Office Supplies,Binders,Acco 3-Hole Punch,0.876,1,0.8,-1.4016
119,2516,2517,CA-2017-128888,2017-11-15,2017-11-22,Standard Class,PB-19105,Peter Bühler,Consumer,United States,Houston,Texas,77095.0,Central,OFF-EN-10003001,Office Supplies,Envelopes,Ames Color-File Green Diamond Border X-ray Mailers,604.656,9,0.2,204.0714
120,2607,2608,CA-2017-127446,2017-11-25,2017-11-30,Standard Class,MC-17590,Matt Collister,Corporate,United States,Arlington,Texas,76017.0,Central,TEC-AC-10001635,Technology,Accessories,KeyTronic KT400U2 - Keyboard - Black,24.672,3,0.2,0.0
121,2608,2609,CA-2017-127446,2017-11-25,2017-11-30,Standard Class,MC-17590,Matt Collister,Corporate,United States,Arlington,Texas,76017.0,Central,OFF-LA-10001317,Office Supplies,Labels,Avery 520,2.52,1,0.2,0.882
122,2609,2610,CA-2017-127446,2017-11-25,2017-11-30,Standard Class,MC-17590,Matt Collister,Corporate,United States,Arlington,Texas,76017.0,Central,FUR-TA-10000577,Furniture,Tables,Bretford CR4500 Series Slim Rectangular Table,1218.735,5,0.3,-121.8735
123,2610,2611,CA-2017-127446,2017-11-25,2017-11-30,Standard Class,MC-17590,Matt Collister,Corporate,United States,Arlington,Texas,76017.0,Central,OFF-LA-10000248,Office Supplies,Labels,Avery 52,5.904,2,0.2,1.9926
124,2611,2612,CA-2017-127446,2017-11-25,2017-11-30,Standard Class,MC-17590,Matt Collister,Corporate,United States,Arlington,Texas,76017.0,Central,OFF-PA-10000955,Office Supplies,Paper,Southworth 25% Cotton Granite Paper & Envelopes,15.696,3,0.2,5.1012
125,2612,2613,CA-2017-127446,2017-11-25,2017-11-30,Standard Class,MC-17590,Matt Collister,Corporate,United States,Arlington,Texas,76017.0,Central,FUR-FU-10000221,Furniture,Furnishings,"Master Caster Door Stop, Brown",6.096,3,0.6,-3.9624
126,2719,2720,CA-2017-110030,2017-12-06,2017-12-08,Second Class,LF-17185,Luke Foster,Consumer,United States,Houston,Texas,77095.0,Central,FUR-FU-10002759,Furniture,Furnishings,12-1/2 Diameter Round Wall Clock,23.976,3,0.6,-14.3856
127,2787,2788,US-2017-117744,2017-12-02,2017-12-06,Standard Class,MD-17860,Michael Dominguez,Corporate,United States,Corpus Christi,Texas,78415.0,Central,FUR-FU-10001588,Furniture,Furnishings,"Deflect-o SuperTray Unbreakable Stackable Tray, Letter, Black",58.36,5,0.6,-24.803
128,2788,2789,US-2017-117744,2017-12-02,2017-12-06,Standard Class,MD-17860,Michael Dominguez,Corporate,United States,Corpus Christi,Texas,78415.0,Central,OFF-AR-10000940,Office Supplies,Art,Newell 343,16.464,7,0.2,1.4406
129,2789,2790,US-2017-117744,2017-12-02,2017-12-06,Standard Class,MD-17860,Michael Dominguez,Corporate,United States,Corpus Christi,Texas,78415.0,Central,FUR-FU-10002759,Furniture,Furnishings,12-1/2 Diameter Round Wall Clock,39.96,5,0.6,-23.976
130,2824,2825,US-2017-112914,2017-09-25,2017-09-30,Standard Class,MT-18070,Michelle Tran,Home Office,United States,Houston,Texas,77041.0,Central,OFF-PA-10003270,Office Supplies,Paper,Xerox 1954,33.792,8,0.2,10.56
131,2825,2826,US-2017-112914,2017-09-25,2017-09-30,Standard Class,MT-18070,Michelle Tran,Home Office,United States,Houston,Texas,77041.0,Central,FUR-BO-10003272,Furniture,Bookcases,O'Sullivan Living Dimensions 5-Shelf Bookcases,300.5328,2,0.32,-97.2312
132,2826,2827,US-2017-112914,2017-09-25,2017-09-30,Standard Class,MT-18070,Michelle Tran,Home Office,United States,Houston,Texas,77041.0,Central,OFF-BI-10002982,Office Supplies,Binders,Avery Self-Adhesive Photo Pockets for Polaroid Photos,2.724,2,0.8,-4.3584
133,1574,1575,CA-2017-101602,2017-12-15,2017-12-18,First Class,MC-18100,Mick Crebagga,Consumer,United States,El Paso,Texas,79907.0,Central,TEC-PH-10000169,Technology,Phones,ARKON Windshield Dashboard Air Vent Car Mount Holder,40.68,3,0.2,-9.153
134,2827,2828,US-2017-112914,2017-09-25,2017-09-30,Standard Class,MT-18070,Michelle Tran,Home Office,United States,Houston,Texas,77041.0,Central,OFF-EN-10001509,Office Supplies,Envelopes,Poly String Tie Envelopes,3.264,2,0.2,1.1016
135,1356,1357,US-2017-160444,2017-07-05,2017-07-05,Same Day,DC-12850,Dan Campbell,Consumer,United States,Houston,Texas,77036.0,Central,OFF-ST-10000563,Office Supplies,Storage,Fellowes Bankers Box Stor/Drawer Steel Plus,281.424,11,0.2,-35.178
136,1333,1334,CA-2017-122567,2017-02-16,2017-02-21,Standard Class,MN-17935,Michael Nguyen,Consumer,United States,Dallas,Texas,75220.0,Central,OFF-AP-10001303,Office Supplies,Appliances,"Holmes Cool Mist Humidifier for the Whole House with 8-Gallon Output per Day, Extended Life Filter",7.96,2,0.8,-13.93
137,124,125,US-2017-152030,2017-12-26,2017-12-28,Second Class,AD-10180,Alan Dominguez,Home Office,United States,Houston,Texas,77041.0,Central,FUR-CH-10004063,Furniture,Chairs,Global Deluxe High-Back Manager's Chair,600.558,3,0.3,-8.5794
138,164,165,CA-2017-139892,2017-09-08,2017-09-12,Standard Class,BM-11140,Becky Martin,Consumer,United States,San Antonio,Texas,78207.0,Central,OFF-AR-10004441,Office Supplies,Art,BIC Brite Liner Highlighters,9.936,3,0.2,2.7324
139,165,166,CA-2017-139892,2017-09-08,2017-09-12,Standard Class,BM-11140,Becky Martin,Consumer,United States,San Antonio,Texas,78207.0,Central,TEC-MA-10000822,Technology,Machines,Lexmark MX611dhe Monochrome Laser Printer,8159.952,8,0.4,-1359.992
140,166,167,CA-2017-139892,2017-09-08,2017-09-12,Standard Class,BM-11140,Becky Martin,Consumer,United States,San Antonio,Texas,78207.0,Central,OFF-ST-10000991,Office Supplies,Storage,Space Solutions HD Industrial Steel Shelving.,275.928,3,0.2,-58.6347
141,167,168,CA-2017-139892,2017-09-08,2017-09-12,Standard Class,BM-11140,Becky Martin,Consumer,United States,San Antonio,Texas,78207.0,Central,FUR-CH-10004287,Furniture,Chairs,SAFCO Arco Folding Chair,1740.06,9,0.3,-24.858
142,168,169,CA-2017-139892,2017-09-08,2017-09-12,Standard Class,BM-11140,Becky Martin,Consumer,United States,San Antonio,Texas,78207.0,Central,OFF-AR-10002656,Office Supplies,Art,Sanford Liquid Accent Highlighters,32.064,6,0.2,6.8136
143,169,170,CA-2017-139892,2017-09-08,2017-09-12,Standard Class,BM-11140,Becky Martin,Consumer,United States,San Antonio,Texas,78207.0,Central,OFF-AP-10002518,Office Supplies,Appliances,Kensington 7 Outlet MasterPiece Power Center,177.98,5,0.8,-453.849
144,170,171,CA-2017-139892,2017-09-08,2017-09-12,Standard Class,BM-11140,Becky Martin,Consumer,United States,San Antonio,Texas,78207.0,Central,TEC-PH-10003931,Technology,Phones,JBL Micro Wireless Portable Bluetooth Speaker,143.976,3,0.2,8.9985
145,262,263,US-2017-106992,2017-09-19,2017-09-21,Second Class,SB-20290,Sean Braxton,Corporate,United States,Houston,Texas,77036.0,Central,TEC-MA-10000822,Technology,Machines,Lexmark MX611dhe Monochrome Laser Printer,3059.982,3,0.4,-509.997
146,263,264,US-2017-106992,2017-09-19,2017-09-21,Second Class,SB-20290,Sean Braxton,Corporate,United States,Houston,Texas,77036.0,Central,TEC-MA-10003353,Technology,Machines,Xerox WorkCentre 6505DN Laser Multifunction Printer,2519.958,7,0.4,-251.9958
147,488,489,CA-2017-133753,2017-06-09,2017-06-13,Second Class,CW-11905,Carl Weiss,Home Office,United States,Huntsville,Texas,77340.0,Central,TEC-PH-10000376,Technology,Phones,Square Credit Card Reader,7.992,1,0.2,0.5994
148,489,490,CA-2017-133753,2017-06-09,2017-06-13,Second Class,CW-11905,Carl Weiss,Home Office,United States,Huntsville,Texas,77340.0,Central,TEC-AC-10000303,Technology,Accessories,Logitech M510 Wireless Mouse,63.984,2,0.2,10.3974
149,490,491,CA-2017-133753,2017-06-09,2017-06-13,Second Class,CW-11905,Carl Weiss,Home Office,United States,Huntsville,Texas,77340.0,Central,OFF-AR-10001953,Office Supplies,Art,Boston 1645 Deluxe Heavier-Duty Electric Pencil Sharpener,70.368,2,0.2,6.1572
150,543,544,CA-2017-103849,2017-05-11,2017-05-16,Standard Class,PG-18895,Paul Gonzalez,Consumer,United States,Fort Worth,Texas,76106.0,Central,TEC-AC-10001465,Technology,Accessories,SanDisk Cruzer 64 GB USB Flash Drive,58.112,2,0.2,7.264
151,544,545,CA-2017-103849,2017-05-11,2017-05-16,Standard Class,PG-18895,Paul Gonzalez,Consumer,United States,Fort Worth,Texas,76106.0,Central,TEC-PH-10002597,Technology,Phones,Xblue XB-1670-86 X16 Small Office Telephone - Titanium,100.792,1,0.2,6.2995
152,545,546,CA-2017-103849,2017-05-11,2017-05-16,Standard Class,PG-18895,Paul Gonzalez,Consumer,United States,Fort Worth,Texas,76106.0,Central,FUR-FU-10000723,Furniture,Furnishings,"Deflect-o EconoMat Studded, No Bevel Mat for Low Pile Carpeting",66.112,4,0.6,-84.2928
153,592,593,CA-2017-135405,2017-01-09,2017-01-13,Standard Class,MS-17830,Melanie Seite,Consumer,United States,Laredo,Texas,78041.0,Central,OFF-AR-10004078,Office Supplies,Art,Newell 312,9.344,2,0.2,1.168
154,593,594,CA-2017-135405,2017-01-09,2017-01-13,Standard Class,MS-17830,Melanie Seite,Consumer,United States,Laredo,Texas,78041.0,Central,TEC-AC-10001266,Technology,Accessories,Memorex Micro Travel Drive 8 GB,31.2,3,0.2,9.75
155,836,837,US-2017-115987,2017-09-08,2017-09-13,Second Class,LH-17020,Lisa Hazard,Consumer,United States,Tyler,Texas,75701.0,Central,OFF-BI-10001071,Office Supplies,Binders,GBC ProClick Punch Binding System,51.184,4,0.8,-79.3352
156,915,916,US-2017-141215,2017-06-15,2017-06-21,Standard Class,KL-16555,Kelly Lampkin,Corporate,United States,San Antonio,Texas,78207.0,Central,FUR-TA-10001520,Furniture,Tables,"Lesro Sheffield Collection Coffee Table, End Table, Center Table, Corner Table",99.918,2,0.3,-18.5562
157,916,917,US-2017-141215,2017-06-15,2017-06-21,Standard Class,KL-16555,Kelly Lampkin,Corporate,United States,San Antonio,Texas,78207.0,Central,FUR-CH-10003379,Furniture,Chairs,Global Commerce Series High-Back Swivel/Tilt Chairs,797.944,4,0.3,-56.996
158,917,918,US-2017-141215,2017-06-15,2017-06-21,Standard Class,KL-16555,Kelly Lampkin,Corporate,United States,San Antonio,Texas,78207.0,Central,OFF-BI-10002706,Office Supplies,Binders,Avery Premier Heavy-Duty Binder with Round Locking Rings,8.568,3,0.8,-14.5656
159,1332,1333,CA-2017-122567,2017-02-16,2017-02-21,Standard Class,MN-17935,Michael Nguyen,Consumer,United States,Dallas,Texas,75220.0,Central,OFF-BI-10002012,Office Supplies,Binders,Wilson Jones Easy Flow II Sheet Lifters,1.08,3,0.8,-1.728
160,1355,1356,US-2017-160444,2017-07-05,2017-07-05,Same Day,DC-12850,Dan Campbell,Consumer,United States,Houston,Texas,77036.0,Central,OFF-ST-10001522,Office Supplies,Storage,"Gould Plastics 18-Pocket Panel Bin, 34w x 5-1/4d x 20-1/2h",220.776,3,0.2,-44.1552
161,3075,3076,CA-2017-143903,2017-07-20,2017-07-24,Standard Class,KM-16375,Katherine Murray,Home Office,United States,Dallas,Texas,75217.0,Central,OFF-ST-10003306,Office Supplies,Storage,Letter Size Cart,342.864,3,0.2,38.5722
162,3076,3077,CA-2017-143903,2017-07-20,2017-07-24,Standard Class,KM-16375,Katherine Murray,Home Office,United States,Dallas,Texas,75217.0,Central,FUR-FU-10003724,Furniture,Furnishings,Westinghouse Clip-On Gooseneck Lamps,16.74,5,0.6,-14.229
163,3077,3078,CA-2017-143903,2017-07-20,2017-07-24,Standard Class,KM-16375,Katherine Murray,Home Office,United States,Dallas,Texas,75217.0,Central,FUR-CH-10002024,Furniture,Chairs,HON 5400 Series Task Chairs for Big and Tall,981.372,2,0.3,-140.196
164,3510,3511,CA-2017-166863,2017-06-20,2017-06-24,Standard Class,SC-20020,Sam Craven,Consumer,United States,Plano,Texas,75023.0,Central,TEC-MA-10001972,Technology,Machines,Okidata C331dn Printer,418.8,2,0.4,-97.72
165,3511,3512,CA-2017-166863,2017-06-20,2017-06-24,Standard Class,SC-20020,Sam Craven,Consumer,United States,Plano,Texas,75023.0,Central,OFF-ST-10004123,Office Supplies,Storage,Safco Industrial Wire Shelving System,509.488,7,0.2,-127.372
166,3591,3592,CA-2017-154186,2017-12-13,2017-12-15,Second Class,RA-19285,Ralph Arnett,Consumer,United States,Houston,Texas,77070.0,Central,OFF-SU-10001574,Office Supplies,Supplies,Acme Value Line Scissors,2.92,1,0.2,0.365
167,3707,3708,CA-2017-120544,2017-11-23,2017-11-27,Standard Class,SS-20140,Saphhira Shifley,Corporate,United States,Mesquite,Texas,75150.0,Central,FUR-FU-10001940,Furniture,Furnishings,Staple-based wall hangings,6.368,2,0.6,-2.5472
168,3708,3709,CA-2017-120544,2017-11-23,2017-11-27,Standard Class,SS-20140,Saphhira Shifley,Corporate,United States,Mesquite,Texas,75150.0,Central,OFF-AP-10004336,Office Supplies,Appliances,"Conquest 14 Commercial Heavy-Duty Upright Vacuum, Collection System, Accessory Kit",34.176,3,0.8,-87.1488
169,3709,3710,CA-2017-120544,2017-11-23,2017-11-27,Standard Class,SS-20140,Saphhira Shifley,Corporate,United States,Mesquite,Texas,75150.0,Central,TEC-AC-10003709,Technology,Accessories,Maxell 4.7GB DVD-R 5/Pack,5.544,7,0.2,1.6632
170,3826,3827,CA-2017-132801,2017-10-07,2017-10-12,Standard Class,JG-15805,John Grady,Corporate,United States,Dallas,Texas,75217.0,Central,OFF-ST-10001228,Office Supplies,Storage,"Fellowes Personal Hanging Folder Files, Navy",107.44,10,0.2,10.744
171,4501,4502,CA-2017-116757,2017-06-30,2017-07-04,Standard Class,MS-17980,Michael Stewart,Corporate,United States,Houston,Texas,77095.0,Central,OFF-PA-10002005,Office Supplies,Paper,Xerox 225,25.92,5,0.2,9.072
172,4502,4503,CA-2017-116757,2017-06-30,2017-07-04,Standard Class,MS-17980,Michael Stewart,Corporate,United States,Houston,Texas,77095.0,Central,OFF-FA-10002815,Office Supplies,Fasteners,Staples,21.312,6,0.2,7.1928
173,4558,4559,CA-2017-127383,2017-12-31,2018-01-05,Standard Class,CM-11815,Candace McMahon,Corporate,United States,El Paso,Texas,79907.0,Central,OFF-EN-10004773,Office Supplies,Envelopes,Staple envelope,49.568,2,0.2,17.9684
174,4559,4560,CA-2017-110219,2017-05-05,2017-05-08,First Class,EB-13870,Emily Burns,Consumer,United States,San Antonio,Texas,78207.0,Central,FUR-CH-10001146,Furniture,Chairs,"Global Value Mid-Back Manager's Chair, Gray",127.869,3,0.3,-9.1335
175,4712,4713,CA-2017-108273,2017-12-16,2017-12-21,Standard Class,EJ-13720,Ed Jacobs,Consumer,United States,Huntsville,Texas,77340.0,Central,OFF-PA-10000029,Office Supplies,Paper,Xerox 224,36.288,7,0.2,12.7008
176,4713,4714,CA-2017-108273,2017-12-16,2017-12-21,Standard Class,EJ-13720,Ed Jacobs,Consumer,United States,Huntsville,Texas,77340.0,Central,FUR-FU-10002116,Furniture,Furnishings,"Tenex Carpeted, Granite-Look or Clear Contemporary Contour Shape Chair Mats",56.568,2,0.6,-74.9526
177,4780,4781,CA-2017-159310,2017-11-07,2017-11-12,Standard Class,SC-20725,Steven Cartwright,Consumer,United States,Houston,Texas,77070.0,Central,FUR-CH-10002758,Furniture,Chairs,"Hon Deluxe Fabric Upholstered Stacking Chairs, Squared Back",683.144,4,0.3,0.0
178,4781,4782,CA-2017-159310,2017-11-07,2017-11-12,Standard Class,SC-20725,Steven Cartwright,Consumer,United States,Houston,Texas,77070.0,Central,OFF-BI-10000201,Office Supplies,Binders,"Avery Triangle Shaped Sheet Lifters, Black, 2/Pack",1.476,3,0.8,-2.214
179,4782,4783,CA-2017-159310,2017-11-07,2017-11-12,Standard Class,SC-20725,Steven Cartwright,Consumer,United States,Houston,Texas,77070.0,Central,OFF-SU-10004115,Office Supplies,Supplies,Acme Stainless Steel Office Snips,40.712,7,0.2,3.5623
180,4861,4862,CA-2017-138940,2017-04-11,2017-04-16,Second Class,GM-14455,Gary Mitchum,Home Office,United States,Austin,Texas,78745.0,Central,TEC-PH-10001835,Technology,Phones,Jawbone JAMBOX Wireless Bluetooth Speaker,758.352,6,0.2,265.4232
181,4904,4905,US-2017-161613,2017-12-01,2017-12-03,Second Class,MC-17605,Matt Connell,Corporate,United States,Houston,Texas,77070.0,Central,FUR-CH-10003746,Furniture,Chairs,Hon 4070 Series Pagoda Round Back Stacking Chairs,674.058,3,0.3,-19.2588
182,5075,5076,CA-2017-134572,2017-04-20,2017-04-22,Second Class,SV-20365,Seth Vernon,Consumer,United States,Houston,Texas,77070.0,Central,FUR-TA-10001705,Furniture,Tables,Bush Advantage Collection Round Conference Table,744.1,5,0.3,-95.67
183,5076,5077,CA-2017-134572,2017-04-20,2017-04-22,Second Class,SV-20365,Seth Vernon,Consumer,United States,Houston,Texas,77070.0,Central,OFF-ST-10004634,Office Supplies,Storage,"Personal Folder Holder, Ebony",44.84,5,0.2,5.605
184,5077,5078,CA-2017-134572,2017-04-20,2017-04-22,Second Class,SV-20365,Seth Vernon,Consumer,United States,Houston,Texas,77070.0,Central,FUR-TA-10004442,Furniture,Tables,Riverside Furniture Stanwyck Manor Table Series,401.59,2,0.3,-131.951
185,5100,5101,CA-2017-158442,2017-03-17,2017-03-17,Same Day,AZ-10750,Annie Zypern,Consumer,United States,Dallas,Texas,75217.0,Central,OFF-AR-10003732,Office Supplies,Art,Newell 333,4.448,2,0.2,0.3336
186,5101,5102,CA-2017-158442,2017-03-17,2017-03-17,Same Day,AZ-10750,Annie Zypern,Consumer,United States,Dallas,Texas,75217.0,Central,OFF-PA-10002195,Office Supplies,Paper,Xerox 1966,5.184,1,0.2,1.8792
187,3509,3510,CA-2017-166863,2017-06-20,2017-06-24,Standard Class,SC-20020,Sam Craven,Consumer,United States,Plano,Texas,75023.0,Central,OFF-PA-10000587,Office Supplies,Paper,"Array Parchment Paper, Assorted Colors",11.648,2,0.2,4.0768
188,3508,3509,CA-2017-166863,2017-06-20,2017-06-24,Standard Class,SC-20020,Sam Craven,Consumer,United States,Plano,Texas,75023.0,Central,OFF-PA-10001166,Office Supplies,Paper,Xerox 2,15.552,3,0.2,5.4432
189,3507,3508,CA-2017-166863,2017-06-20,2017-06-24,Standard Class,SC-20020,Sam Craven,Consumer,United States,Plano,Texas,75023.0,Central,FUR-BO-10001608,Furniture,Bookcases,"Hon Metal Bookcases, Black",193.0656,4,0.32,-19.8744
190,3506,3507,CA-2017-166863,2017-06-20,2017-06-24,Standard Class,SC-20020,Sam Craven,Consumer,United States,Plano,Texas,75023.0,Central,OFF-BI-10000756,Office Supplies,Binders,Storex DuraTech Recycled Plastic Frosted Binders,3.392,4,0.8,-5.088
191,3141,3142,US-2017-122959,2017-12-12,2017-12-12,Same Day,CY-12745,Craig Yedwab,Corporate,United States,San Antonio,Texas,78207.0,Central,OFF-BI-10003650,Office Supplies,Binders,GBC DocuBind 300 Electric Binding Machine,210.392,2,0.8,-336.6272
192,3160,3161,US-2017-150924,2017-09-12,2017-09-16,Second Class,PT-19090,Pete Takahito,Consumer,United States,Houston,Texas,77070.0,Central,OFF-BI-10004040,Office Supplies,Binders,Wilson Jones Impact Binders,5.18,5,0.8,-8.029
193,3185,3186,CA-2017-123498,2017-11-07,2017-11-09,First Class,TC-20980,Tamara Chand,Corporate,United States,Houston,Texas,77041.0,Central,OFF-BI-10000632,Office Supplies,Binders,Satellite Sectional Post Binders,26.046,3,0.8,-44.2782
194,3186,3187,CA-2017-123498,2017-11-07,2017-11-09,First Class,TC-20980,Tamara Chand,Corporate,United States,Houston,Texas,77041.0,Central,OFF-EN-10004773,Office Supplies,Envelopes,Staple envelope,74.352,3,0.2,26.9526
195,3193,3194,CA-2017-165428,2017-09-01,2017-09-04,First Class,JL-15130,Jack Lebron,Consumer,United States,Houston,Texas,77036.0,Central,OFF-BI-10002949,Office Supplies,Binders,Prestige Round Ring Binders,3.648,3,0.8,-6.0192
196,3194,3195,CA-2017-165428,2017-09-01,2017-09-04,First Class,JL-15130,Jack Lebron,Consumer,United States,Houston,Texas,77036.0,Central,OFF-PA-10004100,Office Supplies,Paper,Xerox 216,31.104,6,0.2,10.8864
197,3260,3261,CA-2017-151554,2017-11-14,2017-11-15,First Class,CM-11815,Candace McMahon,Corporate,United States,Pasadena,Texas,77506.0,Central,OFF-PA-10004609,Office Supplies,Paper,Xerox 221,20.736,4,0.2,7.2576
198,3294,3295,CA-2017-138023,2017-08-15,2017-08-18,First Class,KH-16510,Keith Herrera,Consumer,United States,Dallas,Texas,75081.0,Central,OFF-BI-10003638,Office Supplies,Binders,GBC Durable Plastic Covers,30.96,8,0.8,-52.632
199,3304,3305,CA-2017-104738,2017-12-30,2018-01-01,Second Class,SP-20620,Stefania Perrino,Corporate,United States,Laredo,Texas,78041.0,Central,OFF-EN-10004955,Office Supplies,Envelopes,Fashion Color Clasp Envelopes,12.984,3,0.2,4.7067
200,3305,3306,CA-2017-104738,2017-12-30,2018-01-01,Second Class,SP-20620,Stefania Perrino,Corporate,United States,Laredo,Texas,78041.0,Central,TEC-PH-10002468,Technology,Phones,"Plantronics CS 50-USB - headset - Convertible, Monaural",217.584,2,0.2,19.0386
201,3306,3307,CA-2017-104738,2017-12-30,2018-01-01,Second Class,SP-20620,Stefania Perrino,Corporate,United States,Laredo,Texas,78041.0,Central,TEC-PH-10000576,Technology,Phones,AT&T 1080 Corded phone,328.776,3,0.2,28.7679
202,5260,5261,CA-2017-105165,2017-09-07,2017-09-10,First Class,SZ-20035,Sam Zeldin,Home Office,United States,Houston,Texas,77036.0,Central,TEC-PH-10000675,Technology,Phones,Panasonic KX TS3282B Corded phone,196.776,3,0.2,14.7582
203,3307,3308,CA-2017-104738,2017-12-30,2018-01-01,Second Class,SP-20620,Stefania Perrino,Corporate,United States,Laredo,Texas,78041.0,Central,OFF-BI-10002160,Office Supplies,Binders,Acco Hanging Data Binders,2.286,3,0.8,-3.6576
204,3324,3325,CA-2017-165309,2017-11-11,2017-11-15,Standard Class,KD-16270,Karen Daniels,Consumer,United States,Houston,Texas,77095.0,Central,OFF-BI-10001359,Office Supplies,Binders,GBC DocuBind TL300 Electric Binding System,896.99,5,0.8,-1480.0335
205,3325,3326,CA-2017-165309,2017-11-11,2017-11-15,Standard Class,KD-16270,Karen Daniels,Consumer,United States,Houston,Texas,77095.0,Central,OFF-BI-10001267,Office Supplies,Binders,"Universal Recycled Hanging Pressboard Report Binders, Letter Size",1.234,1,0.8,-1.9744
206,3326,3327,CA-2017-165309,2017-11-11,2017-11-15,Standard Class,KD-16270,Karen Daniels,Consumer,United States,Houston,Texas,77095.0,Central,OFF-AR-10003582,Office Supplies,Art,"Boston Electric Pencil Sharpener, Model 1818, Charcoal Black",67.56,3,0.2,6.756
207,3327,3328,CA-2017-165309,2017-11-11,2017-11-15,Standard Class,KD-16270,Karen Daniels,Consumer,United States,Houston,Texas,77095.0,Central,OFF-PA-10003724,Office Supplies,Paper,"Wirebound Message Book, 4 per Page",21.72,5,0.2,7.8735
208,3328,3329,CA-2017-165309,2017-11-11,2017-11-15,Standard Class,KD-16270,Karen Daniels,Consumer,United States,Houston,Texas,77095.0,Central,OFF-PA-10001033,Office Supplies,Paper,Xerox 1893,262.336,8,0.2,95.0968
209,3329,3330,CA-2017-165309,2017-11-11,2017-11-15,Standard Class,KD-16270,Karen Daniels,Consumer,United States,Houston,Texas,77095.0,Central,TEC-PH-10003505,Technology,Phones,Geemarc AmpliPOWER60,148.48,2,0.2,16.704
210,3330,3331,CA-2017-165309,2017-11-11,2017-11-15,Standard Class,KD-16270,Karen Daniels,Consumer,United States,Houston,Texas,77095.0,Central,TEC-PH-10004959,Technology,Phones,Classic Ivory Antique Telephone ZL1810,241.176,3,0.2,15.0735
211,3366,3367,CA-2017-165379,2017-07-09,2017-07-15,Standard Class,BM-11650,Brian Moss,Corporate,United States,Dallas,Texas,75217.0,Central,OFF-PA-10003072,Office Supplies,Paper,"Eureka Recycled Copy Paper 8 1/2"" x 11"", Ream",10.368,2,0.2,3.6288
212,3367,3368,CA-2017-165379,2017-07-09,2017-07-15,Standard Class,BM-11650,Brian Moss,Corporate,United States,Dallas,Texas,75217.0,Central,OFF-PA-10002245,Office Supplies,Paper,Xerox 1895,14.352,3,0.2,4.485
213,3393,3394,CA-2017-105340,2017-11-22,2017-11-25,First Class,EH-14185,Evan Henry,Consumer,United States,Pasadena,Texas,77506.0,Central,OFF-BI-10001765,Office Supplies,Binders,Wilson Jones Heavy-Duty Casebound Ring Binders with Metal Hinges,6.928,1,0.8,-11.0848
214,3505,3506,CA-2017-166863,2017-06-20,2017-06-24,Standard Class,SC-20020,Sam Craven,Consumer,United States,Plano,Texas,75023.0,Central,TEC-PH-10000369,Technology,Phones,HTC One Mini,201.584,2,0.2,20.1584
215,3308,3309,CA-2017-104738,2017-12-30,2018-01-01,Second Class,SP-20620,Stefania Perrino,Corporate,United States,Laredo,Texas,78041.0,Central,TEC-AC-10003628,Technology,Accessories,Logitech 910-002974 M325 Wireless Mouse for Web Scrolling,47.984,2,0.2,14.3952
216,9904,9905,CA-2017-122609,2017-11-12,2017-11-18,Standard Class,DP-13000,Darren Powers,Consumer,United States,Carrollton,Texas,75007.0,Central,TEC-AC-10002567,Technology,Accessories,Logitech G602 Wireless Gaming Mouse,127.984,2,0.2,25.5968
